Workbook

Sheet Instrucoes
A1: ZeloGO — modelo de entrevistas com parceiros
A2: Template para consolidar três entrevistas da Etapa 1. Não preencher dados pessoais desnecessários.
A4: Tópico | B4: Orientação
A5: Objetivo | B5: Comparar três parceiros potenciais quanto a oferta, capacidade, agenda, riscos e disposição para o Concierge MVP.
A6: Identificação | B6: Use P1, P2 e P3 como identificadores. Nomes e contatos devem permanecer em canal controlado, não no repositório.
A7: Como preencher | B7: Registre fatos observados, exemplos recentes e fontes. Separe declaração futura de comportamento comprovado.
A8: Nota de evidência | B8: 0 = não observado; 1 = declaração genérica; 2 = exemplo parcial; 3 = evidência concreta e verificável.
A9: Parceiro-design | B9: Só considerar quando houver capacidade verificável, disponibilidade concreta e disposição para avaliar solicitação real.
A10: Privacidade | B10: Evite endereço completo, telefone, documentos e dados do veículo. Registre somente o mínimo necessário.
A11: G0 | B11: A meta da Etapa 1 é contatar três parceiros e obter pelo menos dois dispostos a avaliar o Concierge.
A12: G1 | B12: Os limiares do Gate G1 devem ser propostos antes do G0 e aprovados pelo comitê.

Sheet Cadastro
A1: Cadastro das entrevistas
A2: Uma linha por parceiro potencial. Use identificadores P1, P2 e P3.
A3: ID parceiro | B3: Tipo operação | C3: Região ampla | D3: Data entrevista | E3: Entrevistador | F3: Consentimento para notas | G3: Tempo operação | H3: Atendimentos/semana | I3: Canal autorizado | J3: Status entrevista | K3: Candidato design? | L3: Observação
A4: P1 | J4: Planejada
A5: P2 | J5: Planejada
A6: P3 | J6: Planejada

Sheet Perguntas
A1: Banco de perguntas
A2: Perguntas comuns aos três parceiros. Use Respostas para registrar a síntese de cada sessão.
A3: ID pergunta | B3: Tema | C3: Pergunta
A4: Q01 | B4: Operação | C4: Quais serviços para carros vocês oferecem atualmente?
A5: Q02 | B5: Operação | C5: Quais tipos de carro vocês atendem e quais serviços não realizam?
A6: Q03 | B6: Operação | C6: Quantos atendimentos realizam aproximadamente em uma semana normal?
A7: Q04 | B7: Aquisição | C7: Como chegam atualmente novos clientes?
A8: Q05 | B8: Aquisição | C8: Qual foi o último novo cliente e como ele chegou até vocês?
A9: Q06 | B9: Agenda | C9: Como a agenda é controlada e atualizada?
A10: Q07 | B10: Agenda | C10: Quem atualiza a agenda e com que frequência?
A11: Q08 | B11: Agenda | C11: Já ocorreu de um horário disponível não estar realmente livre? Por quê?
A12: Q09 | B12: Demanda | C12: Quais dias e horários têm maior demanda?
A13: Q10 | B13: Demanda | C13: Quais períodos normalmente ficam ociosos?
A14: Q11 | B14: Disponibilidade | C14: Vocês conseguem indicar dois horários possíveis nos próximos 14 dias?
... A36: Q33 | B36: Dados | C36: Quais informações do cliente são realmente necessárias para aceitar o pedido?

Sheet Respostas
A1: Respostas consolidadas
A2: Uma linha por parceiro e pergunta. Registre o resumo, o exemplo concreto e a implicação para o ZeloGO.
A3: ID parceiro | B3: ID pergunta | C3: Tema | D3: Pergunta | E3: Resposta resumida | F3: Exemplo recente concreto | G3: Fonte/registro | H3: Nota evidência 0–3 | I3: Dor ou objeção | J3: Hipótese afetada | K3: Implicação produto/operação | L3: Próxima ação
A4: P1 | B4: Q01 | C4: Operação | D4: Quais serviços para carros vocês oferecem atualmente?
A5: P1 | B5: Q02 | C5: Operação | D5: Quais tipos de carro vocês atendem e quais serviços não realizam?
A6: P1 | B6: Q03 | C6: Operação | D6: Quantos atendimentos realizam aproximadamente em uma semana normal?
A7: P1 | B7: Q04 | C7: Aquisição | D7: Como chegam atualmente novos clientes?
A8: P1 | B8: Q05 | C8: Aquisição | D8: Qual foi o último novo cliente e como ele chegou até vocês?
A9: P1 | B9: Q06 | C9: Agenda | D9: Como a agenda é controlada e atualizada?
A10: P1 | B10: Q07 | C10: Agenda | D10: Quem atualiza a agenda e com que frequência?
A11: P1 | B11: Q08 | C11: Agenda | D11: Já ocorreu de um horário disponível não estar realmente livre? Por quê?
A12: P1 | B12: Q09 | C12: Demanda | D12: Quais dias e horários têm maior demanda?
A13: P1 | B13: Q10 | C13: Demanda | D13: Quais períodos normalmente ficam ociosos?
A14: P1 | B14: Q11 | C14: Disponibilidade | D14: Vocês conseguem indicar dois horários possíveis nos próximos 14 dias?
A15: P1 | B15: Q12 | C15: Oferta | D15: Quais são os três serviços mais procurados, seus preços e durações?
... A102: P3 | B102: Q33 | C102: Dados | D102: Quais informações do cliente são realmente necessárias para aceitar o pedido?

Sheet Oferta
A1: Oferta e capacidade
A2: Registre até três serviços por parceiro. Não trate cadastro sem disponibilidade como oferta viável.
A3: ID parceiro | B3: Serviço | C3: Preço/regra | D3: Duração min | E3: Tipo carro | F3: Modalidade | G3: Região atendida | H3: Capacidade/dia | I3: Horários concretos | J3: Tempo resposta | K3: Restrição | L3: Fonte | M3: Nota capacidade 0–3 | N3: Observação
A4: P1
A5: P1
A6: P1
A7: P2
A8: P2
A9: P2
A10: P3
A11: P3
A12: P3

Sheet Piloto
A1: Disposição para o Concierge MVP
A2: Consolide a resposta concreta do parceiro sobre um teste manual de duas semanas.
A3: ID parceiro | B3: Aceita avaliar solicitações reais? | C3: Condição para participar | D3: Pedidos/semana suportados | E3: Contato/função | F3: Canal preferido | G3: Tempo máximo resposta | H3: Dois horários possíveis | I3: Critério de valor | J3: Motivo de interrupção | K3: Modelo de cobrança aceitável | L3: Pagamento no local entendido? | M3: Controle móvel necessário | N3: Próxima ação | O3: Estado
A4: P1 | O4: Pendente
A5: P2 | O5: Pendente
A6: P3 | O6: Pendente

Sheet Riscos
A1: Riscos, segurança e dados
A2: Use esta aba para registrar riscos antes de qualquer atendimento real, especialmente no modo móvel.
A3: ID parceiro | B3: Risco ou situação | C3: Modalidade | D3: Dado necessário | E3: Compartilhamento de endereço | F3: Tratamento de dano/reclamação | G3: Questão jurídica/privacidade | H3: Severidade 0–3 | I3: Controle proposto | J3: Responsável | K3: Estado
A4: P1 | K4: Aberto
A5: P1 | K5: Aberto
A6: P1 | K6: Aberto
A7: P2 | K7: Aberto
A8: P2 | K8: Aberto
A9: P2 | K9: Aberto
A10: P3 | K10: Aberto
A11: P3 | K11: Aberto
A12: P3 | K12: Aberto

Sheet Comparativo
A1: Síntese comparativa dos três parceiros
A2: Use a síntese para preparar a recomendação do G0; não substitui evidência registrada nas abas anteriores.
A3: ID parceiro | B3: Perguntas respondidas | C3: Exemplos concretos | D3: Nota média evidência | E3: Oferta com horário concreto | F3: Aceita piloto | G3: Disponibilidade 0–3 | H3: Capacidade 0–3 | I3: Resposta 0–3 | J3: Adequação região 0–3 | K3: Disposição piloto 0–3 | L3: Segurança 0–3 | M3: Valor percebido 0–3 | N3: Total / 21 | O3: Recomendação | P3: Principal valor | Q3: Principal objeção | R3: Próxima decisão
A4: P1 | B4: =COUNTIFS(Respostas!$A:$A,$A4,Respostas!$E:$E,"<>") | C4: =COUNTIFS(Respostas!$A:$A,$A4,Respostas!$F:$F,"<>") | D4: =IFERROR(AVERAGEIF(Respostas!$A:$A,$A4,Respostas!$H:$H),"") | E4: =COUNTIFS(Oferta!$A:$A,$A4,Oferta!$I:$I,"<>") | F4: =IFERROR(INDEX(Piloto!$B:$B,MATCH($A4,Piloto!$A:$A,0)),"") | N4: =IF(COUNTA(G4:M4)=0,"",SUM(G4:M4)) | O4: =IF(N4="","",IF(N4>=15,"Priorizar para Concierge",IF(N4>=10,"Manter em validação","Não priorizar agora")))
A5: P2 | B5: =COUNTIFS(Respostas!$A:$A,$A5,Respostas!$E:$E,"<>") | C5: =COUNTIFS(Respostas!$A:$A,$A5,Respostas!$F:$F,"<>") | D5: =IFERROR(AVERAGEIF(Respostas!$A:$A,$A5,Respostas!$H:$H),"") | E5: =COUNTIFS(Oferta!$A:$A,$A5,Oferta!$I:$I,"<>") | F5: =IFERROR(INDEX(Piloto!$B:$B,MATCH($A5,Piloto!$A:$A,0)),"") | N5: =IF(COUNTA(G5:M5)=0,"",SUM(G5:M5)) | O5: =IF(N5="","",IF(N5>=15,"Priorizar para Concierge",IF(N5>=10,"Manter em validação","Não priorizar agora")))
A6: P3 | B6: =COUNTIFS(Respostas!$A:$A,$A6,Respostas!$E:$E,"<>") | C6: =COUNTIFS(Respostas!$A:$A,$A6,Respostas!$F:$F,"<>") | D6: =IFERROR(AVERAGEIF(Respostas!$A:$A,$A6,Respostas!$H:$H),"") | E6: =COUNTIFS(Oferta!$A:$A,$A6,Oferta!$I:$I,"<>") | F6: =IFERROR(INDEX(Piloto!$B:$B,MATCH($A6,Piloto!$A:$A,0)),"") | N6: =IF(COUNTA(G6:M6)=0,"",SUM(G6:M6)) | O6: =IF(N6="","",IF(N6>=15,"Priorizar para Concierge",IF(N6>=10,"Manter em validação","Não priorizar agora")))
